<?xml version="1.0" encoding="UTF-8"?>
<!DOCTYPE struts PUBLIC "-//Apache Software Foundation//DTD Struts  
Configuration 2.1//EN" "http://struts.apache.org/dtds/struts-2.1.dtd">  
<struts>  
<package name="default" extends="struts-default">  
  
<action name="validation" class="texter.Validation">  
<result name="success">/chatwindow.jsp</result>  
<result name="failure">/error.jsp</result>
<result name="null">/login.jsp</result>
</action>  

<action name="register" class ="texter.AddToRecords">
<result name="success">/ChatBox2.jsp</result>  
<result name="failure">/error.jsp</result>
<result name="notsame">/register.jsp</result>
</action>

</package>  
</struts>      
